Time,AF7,Blinking
1.3113021850585938e-05,4.346635,True
0.003919363021850586,6.5737824,True
0.007825613021850586,9.35265,True
0.011731863021850586,12.649042,True
0.015638113021850586,16.420424,True
0.019544363021850586,20.626368,True
0.023450613021850586,25.189482,True
0.027356863021850586,29.981638,True
0.031263113021850586,34.866978,True
0.035169363021850586,39.732086,True
0.039075613021850586,44.458317,True
0.042981863021850586,48.896652,True
0.046888113021850586,52.9014,True
0.050794363021850586,56.37326,True
0.054700613021850586,59.24277,True
0.058606863021850586,61.427372,True
0.06251311302185059,62.838833,True
0.06641936302185059,63.424297,True
0.07032561302185059,63.16351,True
0.07423186302185059,62.02656,True
0.07813811302185059,59.965504,True
0.08204436302185059,56.94297,True
0.08595061302185059,52.928356,True
0.08985686302185059,47.853184,True
0.09376311302185059,41.599174,True
0.09766936302185059,34.045856,True
0.10157561302185059,25.110802,True
0.10548186302185059,14.738471,True
0.10938811302185059,2.8920739,True
0.11329436302185059,-10.401237,True
0.11720061302185059,-25.000782,True
0.12110686302185059,-40.66236,True
0.12501311302185059,-57.076027,True
0.12891936302185059,-73.86232,True
0.13282561302185059,-90.5447,True
0.13673186302185059,-106.573715,True
0.14063811302185059,-121.39802,True
0.14454436302185059,-134.50038,True
0.14845061302185059,-145.38403,True
0.15235686302185059,-153.58478,True
0.15626311302185059,-158.733,True
0.16016936302185059,-160.59294,True
0.16407561302185059,-159.03824,True
0.16798186302185059,-154.02727,True
0.17188811302185059,-145.63371,True
0.17579436302185059,-134.08057,True
0.17970061302185059,-119.71,True
0.18360686302185059,-102.925934,True
0.18751311302185059,-84.1871,True
0.19141936302185059,-64.029144,True
0.19532561302185059,-43.034386,True
0.19923186302185059,-21.758932,True
0.20313811302185059,-0.70614076,True
0.20704436302185059,19.643484,True
0.21095061302185059,38.829197,True
0.21485686302185059,56.456326,True
0.21876311302185059,72.21887,True
0.22266936302185059,85.86923,True
0.22657561302185059,97.20205,True
0.23048186302185059,106.09234,True
0.23438811302185059,112.527756,True
0.23829436302185059,116.577896,True
0.24220061302185059,118.34556,True
0.24610686302185059,117.96989,True
0.2500131130218506,115.65809,True
0.2539193630218506,111.67656,True
0.2578256130218506,106.30533,True
0.2617318630218506,99.80816,True
0.2656381130218506,92.42969,True
0.2695443630218506,84.399086,True
0.2734506130218506,75.93156,True
0.2773568630218506,67.228355,True
0.2812631130218506,58.475735,True
0.2851693630218506,49.843395,True
0.2890756130218506,41.482735,True
0.2929818630218506,33.525185,True
0.2968881130218506,26.077528,True
0.3007943630218506,19.204468,True
0.3047006130218506,12.907236,True
0.3086068630218506,7.1369915,True
0.3125131130218506,1.8355298,True
0.3164193630218506,-3.0674767,True
0.3203256130218506,-7.7022357,True
0.3242318630218506,-12.2683735,True
0.3281381130218506,-16.98788,True
0.3320443630218506,-22.071856,True
0.3359506130218506,-27.732662,True
0.3398568630218506,-34.184017,True
0.3437631130218506,-41.567146,True
0.3476693630218506,-49.829002,True
0.3515756130218506,-58.664646,True
0.3554818630218506,-67.58827,True
0.3593881130218506,-76.046005,True
0.3632943630218506,-83.468605,True
0.3672006130218506,-89.29728,True
0.3711068630218506,-93.050255,True
0.3750131130218506,-94.39496,True
0.3789193630218506,-93.15138,True
0.3828256130218506,-89.24794,True
0.3867318630218506,-82.71402,True
0.3906381130218506,-73.711784,True
0.3945443630218506,-62.529755,True
0.3984506130218506,-49.52589,True
0.4023568630218506,-35.0968,True
0.4062631130218506,-19.698193,True
0.4101693630218506,-3.843809,True
0.4140756130218506,11.9548,True
0.4179818630218506,27.23993,True
0.4218881130218506,41.596794,True
0.4257943630218506,54.63515,True
0.4297006130218506,66.0277,True
0.4336068630218506,75.56198,True
0.4375131130218506,83.13058,True
0.4414193630218506,88.681915,True
0.4453256130218506,92.20832,True
0.4492318630218506,93.771935,True
0.4531381130218506,93.49816,True
0.4570443630218506,91.52269,True
0.4609506130218506,87.96177,True
0.4648568630218506,82.933205,True
0.4687631130218506,76.563416,True
0.4726693630218506,68.946144,True
0.4765756130218506,60.11812,True
0.4804818630218506,50.098015,True
0.4843881130218506,38.92843,True
0.4882943630218506,26.659443,True
0.4922006130218506,13.321055,True
0.4961068630218506,-1.0439484,True
0.5000131130218506,-16.321344,True
0.5039193630218506,-32.322792,True
0.5078256130218506,-48.823624,True
0.5117318630218506,-65.560974,True
0.5156381130218506,-82.194084,True
0.5195443630218506,-98.3069,True
0.5234506130218506,-113.467514,True
0.5273568630218506,-127.263245,True
0.5312631130218506,-139.27917,True
0.5351693630218506,-149.09534,True
0.5390756130218506,-156.34505,True
0.5429818630218506,-160.76375,True
0.5468881130218506,-162.17268,True
0.5507943630218506,-160.45348,True
0.5547006130218506,-155.57642,True
0.5586068630218506,-147.64021,True
0.5625131130218506,-136.85164,True
0.5664193630218506,-123.47413,True
0.5703256130218506,-107.8247,True
0.5742318630218506,-90.306435,True
0.5781381130218506,-71.40217,True
0.5820443630218506,-51.632393,True
0.5859506130218506,-31.529137,True
0.5898568630218506,-11.622751,True
0.5937631130218506,7.579331,True
0.5976693630218506,25.615564,True
0.6015756130218506,42.087753,True
0.6054818630218506,56.67316,True
0.6093881130218506,69.131645,True
0.6132943630218506,79.308266,True
0.6172006130218506,87.131836,True
0.6211068630218506,92.610275,True
0.6250131130218506,95.826645,True
0.6289193630218506,96.942955,True
0.6328256130218506,96.196075,True
0.6367318630218506,93.85021,True
0.6406381130218506,90.12553,True
0.6445443630218506,85.17857,True
0.6484506130218506,79.13817,True
0.6523568630218506,72.11364,True
0.6562631130218506,64.15397,True
0.6601693630218506,55.235138,True
0.6640756130218506,45.3141,True
0.6679818630218506,34.384277,True
0.6718881130218506,22.473965,True
0.6757943630218506,9.630158,True
0.6797006130218506,-4.0501266,True
0.6836068630218506,-18.374966,True
0.6875131130218506,-33.069004,True
0.6914193630218506,-47.816673,True
0.6953256130218506,-62.261395,True
0.6992318630218506,-75.97831,True
0.7031381130218506,-88.500755,True
0.7070443630218506,-99.39275,True
0.7109506130218506,-108.281975,True
0.7148568630218506,-114.837685,True
0.7187631130218506,-118.76772,True
0.7226693630218506,-119.86507,True
0.7265756130218506,-118.0381,True
0.7304818630218506,-113.28033,True
0.7343881130218506,-105.639565,True
0.7382943630218506,-95.245674,True
0.7422006130218506,-82.346146,True
0.7461068630218506,-67.27854,True
0.7500131130218506,-50.416195,True
0.7539193630218506,-32.164276,True
0.7578256130218506,-12.986312,True
0.7617318630218506,6.616264,True
0.7656381130218506,26.163681,True
0.7695443630218506,45.218525,True
0.7734506130218506,63.361244,True
0.7773568630218506,80.18101,True
0.7812631130218506,95.29701,True
0.7851693630218506,108.383835,True
0.7890756130218506,119.188805,True
0.7929818630218506,127.54221,True
0.7968881130218506,133.36139,True
0.8007943630218506,136.64941,True
0.8047006130218506,137.48961,True
0.8086068630218506,136.03676,True
0.8125131130218506,132.51263,True
0.8164193630218506,127.20968,True
0.8203256130218506,120.47308,True
0.8242318630218506,112.65158,True
0.8281381130218506,104.076385,True
0.8320443630218506,95.087456,True
0.8359506130218506,86.03342,True
0.8398568630218506,77.21825,True
0.8437631130218506,68.86794,True
0.8476693630218506,61.157303,True
0.8515756130218506,54.230083,True
0.8554818630218506,48.159576,True
0.8593881130218506,42.91303,True
0.8632943630218506,38.38563,True
0.8672006130218506,34.447403,True
0.8711068630218506,30.926846,True
0.8750131130218506,27.574413,True
0.8789193630218506,24.088371,True
0.8828256130218506,20.17976,True
0.8867318630218506,15.593085,True
0.8906381130218506,10.085903,True
0.8945443630218506,3.4453173,True
0.8984506130218506,-4.4491434,True
0.9023568630218506,-13.595308,True
0.9062631130218506,-23.899818,True
0.9101693630218506,-35.200264,True
0.9140756130218506,-47.235718,True
0.9179818630218506,-59.62757,True
0.9218881130218506,-71.92485,True
0.9257943630218506,-83.662994,True
0.9297006130218506,-94.37076,True
0.9336068630218506,-103.560486,True
0.9375131130218506,-110.76977,True
0.9414193630218506,-115.62667,True
0.9453256130218506,-117.8616,True
0.9492318630218506,-117.27915,True
0.9531381130218506,-113.76896,True
0.9570443630218506,-107.35376,True
0.9609506130218506,-98.19334,True
0.9648568630218506,-86.5313,True
0.9687631130218506,-72.6649,True
0.9726693630218506,-56.970848,True
0.9765756130218506,-39.91536,True
0.9804818630218506,-22.00043,True
0.9843881130218506,-3.7089214,True
0.9882943630218506,14.490651,True
0.9922006130218506,32.12765,True
0.9961068630218506,48.766632,True
1.0000262260437012,-3.7089214,True
1.0039324760437012,14.490651,True
1.0078387260437012,32.12765,True
1.0117449760437012,48.766632,True
1.0156512260437012,64.059525,True
1.0195574760437012,77.73982,True
1.0234637260437012,89.585304,True
1.0273699760437012,99.424706,True
1.0312762260437012,107.17621,True
1.0351824760437012,112.84442,True
1.0390887260437012,116.473564,True
1.0429949760437012,118.12801,True
1.0469012260437012,117.918304,True
1.0508074760437012,116.00397,True
1.0547137260437012,112.54083,True
1.0586199760437012,107.64083,True
1.0625262260437012,101.39727,True
1.0664324760437012,93.91945,True
1.0703387260437012,85.30556,True
1.0742449760437012,75.59412,True
1.0781512260437012,64.77733,True
1.0820574760437012,52.85787,True
1.0859637260437012,39.86654,True
1.0898699760437012,25.844097,True
1.0937762260437012,10.862871,True
1.0976824760437012,-4.9122567,True
1.1015887260437012,-21.208426,True
1.1054949760437012,-37.693066,True
1.1094012260437012,-54.003185,True
1.1133074760437012,-69.72077,True
1.1172137260437012,-84.36798,True
1.1211199760437012,-97.4675,True
1.1250262260437012,-108.60061,True
1.1289324760437012,-117.40157,True
1.1328387260437012,-123.53897,True
1.1367449760437012,-126.75153,True
1.1406512260437012,-126.90127,True
1.1445574760437012,-123.967636,True
1.1484637260437012,-118.00375,True
1.1523699760437012,-109.1363,True
1.1562762260437012,-97.60522,True
1.1601824760437012,-83.75983,True
1.1640887260437012,-67.999245,True
1.1679949760437012,-50.738632,True
1.1719012260437012,-32.430435,True
1.1758074760437012,-13.570157,True
1.1797137260437012,5.3525844,True
1.1836199760437012,23.896147,True
1.1875262260437012,41.652496,True
1.1914324760437012,58.227116,True
1.1953387260437012,73.27268,True
1.1992449760437012,86.53479,True
1.2031512260437012,97.8391,True
1.2070574760437012,107.04859,True
1.2109637260437012,114.06976,True
1.2148699760437012,118.89535,True
1.2187762260437012,121.60244,True
1.2226824760437012,122.30349,True
1.2265887260437012,121.13153,True
1.2304949760437012,118.276215,True
1.2344012260437012,113.991745,True
1.2383074760437012,108.54518,True
1.2422137260437012,102.17911,True
1.2461199760437012,95.13624,True
1.2500262260437012,87.682365,True
1.2539324760437012,80.067856,True
1.2578387260437012,72.47896,True
1.2617449760437012,65.05066,True
1.2656512260437012,57.90655,True
1.2695574760437012,51.14846,True
1.2734637260437012,44.81442,True
1.2773699760437012,38.881546,True
1.2812762260437012,33.3061,True
1.2851824760437012,28.024591,True
1.2890887260437012,22.91309,True
1.2929949760437012,17.781794,True
1.2969012260437012,12.422497,True
1.3008074760437012,6.637996,True
1.3047137260437012,0.22472163,True
1.3086199760437012,-7.027496,True
1.3125262260437012,-15.280225,True
1.3164324760437012,-24.597065,True
1.3203387260437012,-34.956078,True
1.3242449760437012,-46.276093,True
1.3281512260437012,-58.392212,True
1.3320574760437012,-71.01786,True
1.3359637260437012,-83.768364,True
1.3398699760437012,-96.2243,True
1.3437762260437012,-107.95392,True
1.3476824760437012,-118.49691,True
1.3515887260437012,-127.387405,True
1.3554949760437012,-134.22604,True
1.3594012260437012,-138.71832,True
1.3633074760437012,-140.64664,True
1.3672137260437012,-139.84998,True
1.3711199760437012,-136.26093,True
1.3750262260437012,-129.93787,True
1.3789324760437012,-121.03305,True
1.3828387260437012,-109.747765,True
1.3867449760437012,-96.34395,True
1.3906512260437012,-81.17926,True
1.3945574760437012,-64.69937,True
1.3984637260437012,-47.394474,True
1.4023699760437012,-29.761196,True
1.4062762260437012,-12.27904,True
1.4101824760437012,4.6068926,True
1.4140887260437012,20.499992,True
1.4179949760437012,35.062775,True
1.4219012260437012,48.024075,True
1.4258074760437012,59.182903,True
1.4297137260437012,68.40921,True
1.4336199760437012,75.641914,True
1.4375262260437012,80.88985,True
1.4414324760437012,84.24476,True
1.4453387260437012,85.88866,True
1.4492449760437012,86.05747,True
1.4531512260437012,84.9816,True
1.4570574760437012,82.874756,True
1.4609637260437012,79.96983,True
1.4648699760437012,76.519844,True
1.4687762260437012,72.74575,True
1.4726824760437012,68.8109,True
1.4765887260437012,64.858444,True
1.4804949760437012,61.040775,True
1.4844012260437012,57.479794,True
1.4883074760437012,54.19892,True
1.4922137260437012,51.10821,True
1.4961199760437012,48.053444,True
1.5000262260437012,44.85535,True
1.5039324760437012,41.292557,True
1.5078387260437012,37.084137,True
1.5117449760437012,31.93455,True
1.5156512260437012,25.602156,True
1.5195574760437012,17.917356,True
1.5234637260437012,8.768204,True
1.5273699760437012,-1.8757328,True
1.5312762260437012,-13.914003,True
1.5351824760437012,-27.116915,True
1.5390887260437012,-41.177635,True
1.5429949760437012,-55.73444,True
1.5469012260437012,-70.344696,True
1.5508074760437012,-84.488464,True
1.5547137260437012,-97.63625,True
1.5586199760437012,-109.305466,True
1.5625262260437012,-119.05206,True
1.5664324760437012,-126.458916,True
1.5703387260437012,-131.18431,True
1.5742449760437012,-133.02109,True
1.5781512260437012,-131.88966,True
1.5820574760437012,-127.79525,True
1.5859637260437012,-120.83004,True
1.5898699760437012,-111.20636,True
1.5937762260437012,-99.24106,True
1.5976824760437012,-85.29355,True
1.6015887260437012,-69.74019,True
1.6054949760437012,-53.00121,True
1.6094012260437012,-35.542072,True
1.6133074760437012,-17.819025,True
1.6172137260437012,-0.24120553,True
1.6211199760437012,16.806402,True
1.6250262260437012,32.942757,True
1.6289324760437012,47.82797,True
1.6328387260437012,61.205948,True
1.6367449760437012,72.88877,True
1.6406512260437012,82.720184,True
1.6445574760437012,90.58971,True
1.6484637260437012,96.47557,True
1.6523699760437012,100.43838,True
1.6562762260437012,102.57152,True
1.6601824760437012,102.988716,True
1.6640887260437012,101.855644,True
1.6679949760437012,99.38504,True
1.6719012260437012,95.77642,True
1.6758074760437012,91.183975,True
1.6797137260437012,85.75025,True
1.6836199760437012,79.62422,True
1.6875262260437012,72.90842,True
1.6914324760437012,65.61143,True
1.6953387260437012,57.678307,True
1.6992449760437012,49.042755,True
1.7031512260437012,39.624542,True
1.7070574760437012,29.309546,True
1.7109637260437012,17.990042,True
1.7148699760437012,5.638324,True
1.7187762260437012,-7.677783,True
1.7226824760437012,-21.83595,True
1.7265887260437012,-36.668488,True
1.7304949760437012,-51.92366,True
1.7344012260437012,-67.26041,True
1.7383074760437012,-82.30257,True
1.7422137260437012,-96.67241,True
1.7461199760437012,-109.96307,True
1.7500262260437012,-121.72578,True
1.7539324760437012,-131.52571,True
1.7578387260437012,-139.00093,True
1.7617449760437012,-143.8557,True
1.7656512260437012,-145.83426,True
1.7695574760437012,-144.74986,True
1.7734637260437012,-140.53949,True
1.7773699760437012,-133.26341,True
1.7812762260437012,-123.062454,True
1.7851824760437012,-110.15317,True
1.7890887260437012,-94.86048,True
1.7929949760437012,-77.60841,True
1.7969012260437012,-58.856434,True
1.8008074760437012,-39.062416,True
1.8047137260437012,-18.704107,True
1.8086199760437012,1.7126384,True
1.8125262260437012,21.70356,True
1.8164324760437012,40.852226,True
1.8203387260437012,58.793922,True
1.8242449760437012,75.1836,True
1.8281512260437012,89.7178,True
1.8320574760437012,102.18035,True
1.8359637260437012,112.43738,True
1.8398699760437012,120.39875,True
1.8437762260437012,126.02318,True
1.8476824760437012,129.3616,True
1.8515887260437012,130.55655,True
1.8554949760437012,129.78613,True
1.8594012260437012,127.23529,True
1.8633074760437012,123.125534,True
1.8672137260437012,117.72938,True
1.8711199760437012,111.32524,True
1.8750262260437012,104.1574,True
1.8789324760437012,96.457214,True
1.8828387260437012,88.473,True
1.8867449760437012,80.44365,True
1.8906512260437012,72.55555,True
1.8945574760437012,64.953804,True
1.8984637260437012,57.777122,True
1.9023699760437012,51.13763,True
1.9062762260437012,45.06401,True
1.9101824760437012,39.495502,True
1.9140887260437012,34.32947,True
1.9179949760437012,29.440298,True
1.9219012260437012,24.648779,True
1.9258074760437012,19.713947,True
1.9297137260437012,14.380946,True
1.9336199760437012,8.422341,True
1.9375262260437012,1.6278237,True
1.9414324760437012,-6.203989,True
1.9453387260437012,-15.219438,True
1.9492449760437012,-25.458775,True
1.9531512260437012,-36.86582,True
1.9570574760437012,-49.323658,True
1.9609637260437012,-62.643566,True
1.9648699760437012,-76.52841,True
1.9687762260437012,-90.58906,True
1.9726824760437012,-104.40416,True
1.9765887260437012,-117.5397,True
1.9804949760437012,-129.52321,True
1.9844012260437012,-139.8556,True
1.9883074760437012,-148.08147,True
1.9922137260437012,-153.83702,True
1.9961199760437012,-156.83481,True
2.000051498413086,-59.607803,True
2.003957748413086,-39.96464,True
2.007863998413086,-20.108946,True
2.011770248413086,-0.5262284,True
2.015676498413086,18.343117,True
2.019582748413086,36.13862,True
2.023488998413086,52.554993,True
2.027395248413086,67.32359,True
2.031301498413086,80.24585,True
2.035207748413086,91.22232,True
2.039113998413086,100.22012,True
2.043020248413086,107.22732,True
2.046926498413086,112.26521,True
2.050832748413086,115.42455,True
2.054738998413086,116.84818,True
2.058645248413086,116.67744,True
2.062551498413086,115.04415,True
2.066457748413086,112.10895,True
2.070363998413086,108.06662,True
2.074270248413086,103.10047,True
2.078176498413086,97.35653,True
2.082082748413086,90.9681,True
2.085988998413086,84.07011,True
2.089895248413086,76.764915,True
2.093801498413086,69.094894,True
2.097707748413086,61.068783,True
2.101613998413086,52.69138,True
2.105520248413086,43.940495,True
2.109426498413086,34.73597,True
2.113332748413086,24.968592,True
2.117238998413086,14.555888,True
2.121145248413086,3.4482653,True
2.125051498413086,-8.398163,True
2.128957748413086,-21.004484,True
2.132863998413086,-34.31039,True
2.136770248413086,-48.156868,True
2.140676498413086,-62.32798,True
2.144582748413086,-76.572754,True
2.148488998413086,-90.57376,True
2.152395248413086,-103.93532,True
2.156301498413086,-116.2383,True
2.160207748413086,-127.09548,True
2.164113998413086,-136.14415,True
2.168020248413086,-143.02592,True
2.171926498413086,-147.42442,True
2.175832748413086,-149.12326,True
2.179738998413086,-148.0057,True
2.183645248413086,-144.01723,True
2.187551498413086,-137.17189,True
2.191457748413086,-127.59581,True
2.195363998413086,-115.52471,True
2.199270248413086,-101.249825,True
2.203176498413086,-85.09241,True
2.207082748413086,-67.43022,True
2.210988998413086,-48.70412,True
2.214895248413086,-29.369013,True
2.218801498413086,-9.853625,True
2.222707748413086,9.42126,True
2.226613998413086,28.022064,True
2.230520248413086,45.541656,True
2.234426498413086,61.654106,True
2.238332748413086,76.11043,True
2.242238998413086,88.70145,True
2.246145248413086,99.26472,True
2.250051498413086,107.72325,True
2.253957748413086,114.07901,True
2.257863998413086,118.36337,True
2.261770248413086,120.62548,True
2.265676498413086,120.97256,True
2.269582748413086,119.58219,True
2.273488998413086,116.65496,True
2.277395248413086,112.38144,True
2.281301498413086,106.97145,True
2.285207748413086,100.68031,True
2.289113998413086,93.76994,True
2.293020248413086,86.456154,True
2.296926498413086,78.91794,True
2.300832748413086,71.33698,True
2.304738998413086,63.8873,True
2.308645248413086,56.687927,True
2.312551498413086,49.79352,True
2.316457748413086,43.221127,True
2.320363998413086,36.94624,True
2.324270248413086,30.866516,True
2.328176498413086,24.804823,True
2.332082748413086,18.566532,True
2.335988998413086,11.976022,True
2.339895248413086,4.8587146,True
2.343801498413086,-2.9634316,True
2.347707748413086,-11.618434,True
2.351613998413086,-21.135809,True
2.355520248413086,-31.464529,True
2.359426498413086,-42.509003,True
2.363332748413086,-54.111294,True
2.367238998413086,-66.012245,True
2.371145248413086,-77.86821,True
2.375051498413086,-89.30709,True
2.378957748413086,-99.946594,True
2.382863998413086,-109.37598,True
2.386770248413086,-117.17617,True
2.390676498413086,-122.98828,True
2.394582748413086,-126.5504,True
2.398488998413086,-127.67048,True
2.402395248413086,-126.20803,True
2.406301498413086,-122.114746,True
2.410207748413086,-115.473625,True
2.414113998413086,-106.47188,True
2.418020248413086,-95.35153,True
2.421926498413086,-82.41114,True
2.425832748413086,-68.02955,True
2.429738998413086,-52.63457,True
2.433645248413086,-36.637894,True
2.437551498413086,-20.421244,True
2.441457748413086,-4.367283,True
2.445363998413086,11.148873,True
2.449270248413086,25.812471,True
2.453176498413086,39.383015,True
2.457082748413086,51.649105,True
2.460988998413086,62.406708,True
2.464895248413086,71.50267,True
2.468801498413086,78.86999,True
2.472707748413086,84.49674,True
2.476613998413086,88.389046,True
2.480520248413086,90.59149,True
2.484426498413086,91.214424,True
2.488332748413086,90.40201,True
2.492238998413086,88.28209,True
2.496145248413086,84.96963,True
2.500051498413086,80.59893,True
2.503957748413086,75.30978,True
2.507863998413086,69.195625,True
2.511770248413086,62.291996,True
2.515676498413086,54.617878,True
2.519582748413086,46.197216,True
2.523488998413086,37.03349,True
2.527395248413086,27.103626,True
2.531301498413086,16.40743,True
2.535207748413086,5.0075836,True
2.539113998413086,-6.991842,True
2.543020248413086,-19.473135,True
2.546926498413086,-32.2756,True
2.550832748413086,-45.154335,True
2.554738998413086,-57.802517,True
2.558645248413086,-69.90817,True
2.562551498413086,-81.16358,True
2.566457748413086,-91.23582,True
2.570363998413086,-99.778366,True
2.574270248413086,-106.49168,True
2.578176498413086,-111.151695,True
2.582082748413086,-113.57945,True
2.585988998413086,-113.62761,True
2.589895248413086,-111.222946,True
2.593801498413086,-106.39705,True
2.597707748413086,-99.2563,True
2.601613998413086,-89.9483,True
2.605520248413086,-78.68396,True
2.609426498413086,-65.76847,True
2.613332748413086,-51.56924,True
2.617238998413086,-36.45564,True
2.621145248413086,-20.794203,True
2.625051498413086,-4.98216,True
2.628957748413086,10.566403,True
2.632863998413086,25.480936,True
2.636770248413086,39.45515,True
2.640676498413086,52.211967,True
2.644582748413086,63.494854,True
2.648488998413086,73.115204,True
2.652395248413086,80.979385,True
2.656301498413086,87.05179,True
2.660207748413086,91.3202,True
2.664113998413086,93.81938,True
2.668020248413086,94.65966,True
2.671926498413086,93.996185,True
2.675832748413086,91.98068,True
2.679738998413086,88.76862,True
2.683645248413086,84.55763,True
2.687551498413086,79.57951,True
2.691457748413086,74.05457,True
2.695363998413086,68.18411,True
2.699270248413086,62.180172,True
2.703176498413086,56.252583,True
2.707082748413086,50.545094,True
2.710988998413086,45.10932,True
2.714895248413086,39.94814,True
2.718801498413086,35.045982,True
2.722707748413086,30.335272,True
2.726613998413086,25.667316,True
2.730520248413086,20.850296,True
2.734426498413086,15.703296,True
2.738332748413086,10.057312,True
2.742238998413086,3.7378514,True
2.746145248413086,-3.3985355,True
2.750051498413086,-11.399773,True
2.753957748413086,-20.212395,True
2.757863998413086,-29.72811,True
2.761770248413086,-39.7921,True
2.765676498413086,-50.155777,True
2.769582748413086,-60.44926,True
2.773488998413086,-70.213326,True
2.777395248413086,-78.96007,True
2.781301498413086,-86.22818,True
2.785207748413086,-91.62353,True
2.789113998413086,-94.84591,True
2.793020248413086,-95.70398,True
2.796926498413086,-94.12027,True
2.800832748413086,-90.12814,True
2.804738998413086,-83.862625,True
2.808645248413086,-75.54662,True
2.812551498413086,-65.468,True
2.816457748413086,-53.945858,True
2.820363998413086,-41.31381,True
2.824270248413086,-27.933046,True
2.828176498413086,-14.1835165,True
2.832082748413086,-0.41240188,True
2.835988998413086,13.092175,True
2.839895248413086,26.069927,True
2.843801498413086,38.267094,True
2.847707748413086,49.471146,True
2.851613998413086,59.543987,True
2.855520248413086,68.39554,True
2.859426498413086,75.94219,True
2.863332748413086,82.11936,True
2.867238998413086,86.91833,True
2.871145248413086,90.36963,True
2.875051498413086,92.49116,True
2.878957748413086,93.28892,True
2.882863998413086,92.80807,True
2.886770248413086,91.14248,True
2.890676498413086,88.38609,True
2.894582748413086,84.611496,True
2.898488998413086,79.90436,True
2.902395248413086,74.3766,True
2.906301498413086,68.12109,True
2.910207748413086,61.17919,True
2.914113998413086,53.57028,True
2.918020248413086,45.32475,True
2.921926498413086,36.460754,True
2.925832748413086,26.94951,True
2.929738998413086,16.741917,True
2.933645248413086,5.8292603,True
2.937551498413086,-5.743434,True
2.941457748413086,-17.904476,True
2.945363998413086,-30.545626,True
2.949270248413086,-43.474964,True
2.953176498413086,-56.412758,True
2.957082748413086,-69.04437,True
2.960988998413086,-81.05129,True
2.964895248413086,-92.088066,True
2.968801498413086,-101.7751,True
2.972707748413086,-109.753334,True
2.976613998413086,-115.73802,True
2.980520248413086,-119.50965,True
2.984426498413086,-120.888985,True
2.988332748413086,-119.76523,True
2.992238998413086,-116.14136,True
2.996145248413086,-110.12035,True
3.0000722408294678,-120.888985,True
3.0039784908294678,-119.76523,True
3.0078847408294678,-116.14136,True
3.0117909908294678,-110.12035,True
3.0156972408294678,-101.854164,True
3.0196034908294678,-91.53686,True
3.0235097408294678,-79.43875,True
3.0274159908294678,-65.9019,True
3.0313222408294678,-51.285072,True
3.0352284908294678,-35.93553,True
3.0391347408294678,-20.215128,True
3.0430409908294678,-4.50997,True
3.0469472408294678,10.818457,True
3.0508534908294678,25.475622,True
3.0547597408294678,39.2129,True
3.0586659908294678,51.795906,True
3.0625722408294678,63.028427,True
3.0664784908294678,72.79287,True
3.0703847408294678,81.03414,True
3.0742909908294678,87.712715,True
3.0781972408294678,92.80702,True
3.0821034908294678,96.35377,True
3.0860097408294678,98.44316,True
3.0899159908294678,99.166466,True
3.0938222408294678,98.60087,True
3.0977284908294678,96.84988,True
3.1016347408294678,94.05843,True
3.1055409908294678,90.37002,True
3.1094472408294678,85.900154,True
3.1133534908294678,80.77045,True
3.1172597408294678,75.13817,True
3.1211659908294678,69.164856,True
3.1250722408294678,62.972767,True
3.1289784908294678,56.65585,True
3.1328847408294678,50.31315,True
3.1367909908294678,44.032745,True
3.1406972408294678,37.84493,True
3.1446034908294678,31.722857,True
3.1485097408294678,25.629541,True
3.1524159908294678,19.533123,True
3.1563222408294678,13.374919,True
3.1602284908294678,7.061697,True
3.1641347408294678,0.50564116,True
3.1680409908294678,-6.3550897,True
3.1719472408294678,-13.586263,True
3.1758534908294678,-21.27225,True
3.1797597408294678,-29.470457,True
3.1836659908294678,-38.166016,True
3.1875722408294678,-47.290833,True
3.1914784908294678,-56.762997,True
3.1953847408294678,-66.47229,True
3.1992909908294678,-76.23873,True
3.2031972408294678,-85.82185,True
3.2071034908294678,-94.968994,True
3.2110097408294678,-103.42398,True
3.2149159908294678,-110.895775,True
3.2188222408294678,-117.0675,True
3.2227284908294678,-121.65883,True
3.2266347408294678,-124.45928,True
3.2305409908294678,-125.300186,True
3.2344472408294678,-124.03789,True
3.2383534908294678,-120.59397,True
3.2422597408294678,-114.99039,True
3.2461659908294678,-107.32141,True
3.2500722408294678,-97.7141,True
3.2539784908294678,-86.346954,True
3.2578847408294678,-73.487206,True
3.2617909908294678,-59.466625,True
3.2656972408294678,-44.61906,True
3.2696034908294678,-29.265202,True
3.2735097408294678,-13.742931,True
3.2774159908294678,1.5973184,True
3.2813222408294678,16.444353,True
3.2852284908294678,30.548859,True
3.2891347408294678,43.69065,True
3.2930409908294678,55.660686,True
3.2969472408294678,66.29759,True
3.3008534908294678,75.51757,True
3.3047597408294678,83.28564,True
3.3086659908294678,89.57761,True
3.3125722408294678,94.39545,True
3.3164784908294678,97.7988,True
3.3203847408294678,99.882614,True
3.3242909908294678,100.72882,True
3.3281972408294678,100.41173,True
3.3321034908294678,99.043785,True
3.3360097408294678,96.77544,True
3.3399159908294678,93.74463,True
3.3438222408294678,90.06005,True
3.3477284908294678,85.83937,True
3.3516347408294678,81.22538,True
3.3555409908294678,76.34567,True
3.3594472408294678,71.28692,True
3.3633534908294678,66.12986,True
3.3672597408294678,60.981205,True
3.3711659908294678,55.943726,True
3.3750722408294678,51.07638,True
3.3789784908294678,46.41178,True
3.3828847408294678,41.99457,True
3.3867909908294678,37.8685,True
3.3906972408294678,34.03425,True
3.3946034908294678,30.454306,True
3.3985097408294678,27.097286,True
3.4024159908294678,23.940578,True
3.4063222408294678,20.922365,True
3.4102284908294678,17.926435,True
3.4141347408294678,14.828715,True
3.4180409908294678,11.528586,True
3.4219472408294678,7.919148,True
3.4258534908294678,3.8611414,True
3.4297597408294678,-0.78219235,True
3.4336659908294678,-6.1006937,True
3.4375722408294678,-12.147652,True
3.4414784908294678,-18.966967,True
3.4453847408294678,-26.569803,True
3.4492909908294678,-34.891106,True
3.4531972408294678,-43.801502,True
3.4571034908294678,-53.15552,True
3.4610097408294678,-62.79329,True
3.4649159908294678,-72.497856,True
3.4688222408294678,-81.989716,True
3.4727284908294678,-90.97415,True
3.4766347408294678,-99.168915,True
3.4805409908294678,-106.28298,True
3.4844472408294678,-112.010025,True
3.4883534908294678,-116.07767,True
3.4922597408294678,-118.29415,True
3.4961659908294678,-118.53309,True
3.5000722408294678,-116.70107,True
3.5039784908294678,-112.75707,True
3.5078847408294678,-106.7519,True
3.5117909908294678,-98.81393,True
3.5156972408294678,-89.10296,True
3.5196034908294678,-77.81025,True
3.5235097408294678,-65.19646,True
3.5274159908294678,-51.585476,True
3.5313222408294678,-37.30667,True
3.5352284908294678,-22.667986,True
3.5391347408294678,-7.9851065,True
3.5430409908294678,6.408296,True
3.5469472408294678,20.206505,True
3.5508534908294678,33.16658,True
3.5547597408294678,45.08185,True
3.5586659908294678,55.75259,True
3.5625722408294678,65.01608,True
3.5664784908294678,72.78831,True
3.5703847408294678,79.04594,True
3.5742909908294678,83.78272,True
3.5781972408294678,87.01076,True
3.5821034908294678,88.78465,True
3.5860097408294678,89.196945,True
3.5899159908294678,88.3596,True
3.5938222408294678,86.397514,True
3.5977284908294678,83.447815,True
3.6016347408294678,79.65764,True
3.6055409908294678,75.18099,True
3.6094472408294678,70.174995,True
3.6133534908294678,64.79588,True
3.6172597408294678,59.195015,True
3.6211659908294678,53.515175,True
3.6250722408294678,47.892094,True
3.6289784908294678,42.468227,True
3.6328847408294678,37.399826,True
3.6367909908294678,32.823605,True
3.6406972408294678,28.809418,True
3.6446034908294678,25.367613,True
3.6485097408294678,22.498732,True
3.6524159908294678,20.198936,True
3.6563222408294678,18.414867,True
3.6602284908294678,17.036446,True
3.6641347408294678,15.948607,True
3.6680409908294678,15.057542,True
3.6719472408294678,14.253324,True
3.6758534908294678,13.381162,True
3.6797597408294678,12.274577,True
3.6836659908294678,10.793525,True
3.6875722408294678,8.805168,True
3.6914784908294678,6.1502566,True
3.6953847408294678,2.6651583,True
3.6992909908294678,-1.7680378,True
3.7031972408294678,-7.219846,True
3.7071034908294678,-13.746005,True
3.7110097408294678,-21.372955,True
3.7149159908294678,-30.041105,True
3.7188222408294678,-39.594265,True
3.7227284908294678,-49.82685,True
3.7266347408294678,-60.50397,True
3.7305409908294678,-71.32738,True
3.7344472408294678,-81.923546,True
3.7383534908294678,-91.89449,True
3.7422597408294678,-100.86556,True
3.7461659908294678,-108.47656,True
3.7500722408294678,-114.367165,True
3.7539784908294678,-118.21938,True
3.7578847408294678,-119.817085,True
3.7617909908294678,-119.04606,True
3.7656972408294678,-115.854904,True
3.7696034908294678,-110.255646,True
3.7735097408294678,-102.36023,True
3.7774159908294678,-92.37601,True
3.7813222408294678,-80.55449,True
3.7852284908294678,-67.17275,True
3.7891347408294678,-52.56813,True
3.7930409908294678,-37.14747,True
3.7969472408294678,-21.330185,True
3.8008534908294678,-5.496302,True
3.8047597408294678,10.001229,True
3.8086659908294678,24.814957,True
3.8125722408294678,38.636894,True
3.8164784908294678,51.24352,True
3.8203847408294678,62.48055,True
3.8242909908294678,72.21909,True
3.8281972408294678,80.36141,True
3.8321034908294678,86.88224,True
3.8360097408294678,91.824425,True
3.8399159908294678,95.24885,True
3.8438222408294678,97.22132,True
3.8477284908294678,97.850624,True
3.8516347408294678,97.29687,True
3.8555409908294678,95.72267,True
3.8594472408294678,93.262924,True
3.8633534908294678,90.05433,True
3.8672597408294678,86.25849,True
3.8711659908294678,82.02531,True
3.8750722408294678,77.4523,True
3.8789784908294678,72.60559,True
3.8828847408294678,67.561775,True
3.8867909908294678,62.396503,True
3.8906972408294678,57.140327,True
3.8946034908294678,51.777386,True
3.8985097408294678,46.283398,True
3.9024159908294678,40.631367,True
3.9063222408294678,34.757904,True
3.9102284908294678,28.558575,True
3.9141347408294678,21.930737,True
3.9180409908294678,14.798475,True
3.9219472408294678,7.0885158,True
3.9258534908294678,-1.2808721,True
3.9297597408294678,-10.355018,True
3.9336659908294678,-20.102287,True
3.9375722408294678,-30.43645,True
3.9414784908294678,-41.2531,True
3.9453847408294678,-52.412273,True
3.9492909908294678,-63.701797,True
3.9531972408294678,-74.85486,True
3.9571034908294678,-85.60201,True
3.9610097408294678,-95.67903,True
3.9649159908294678,-104.79164,True
3.9688222408294678,-112.61884,True
3.9727284908294678,-118.87169,True
3.9766347408294678,-123.3266,True
3.9805409908294678,-125.79947,True
3.9844472408294678,-126.13382,True
3.9883534908294678,-124.24742,True
3.9922597408294678,-120.168,True
3.9961659908294678,-113.99981,True
4.000092029571533,-126.13382,True
4.003998279571533,-124.24742,True
4.007904529571533,-120.168,True
4.011810779571533,-113.99981,True
4.015717029571533,-105.87854,True
4.019623279571533,-95.983864,True
4.023529529571533,-84.5685,True
4.027435779571533,-71.9296,True
4.031342029571533,-58.352634,True
4.035248279571533,-44.109856,True
4.039154529571533,-29.499636,True
4.043060779571533,-14.8415785,True
4.046967029571533,-0.424893,True
4.050873279571533,13.508583,True
4.054779529571533,26.729065,True
4.058685779571533,39.006027,True
4.062592029571533,50.14906,True
4.066498279571533,60.03504,True
4.070404529571533,68.575714,True
4.074310779571533,75.681755,True
4.078217029571533,81.28287,True
4.082123279571533,85.36462,True
4.086029529571533,87.95666,True
4.089935779571533,89.09776,True
4.093842029571533,88.84676,True
4.097748279571533,87.32411,True
4.101654529571533,84.70957,True
4.105560779571533,81.19555,True
4.109467029571533,76.969055,True
4.113373279571533,72.235634,True
4.117279529571533,67.21439,True
4.121185779571533,62.081627,True
4.125092029571533,56.93827,True
4.128998279571533,51.8451,True
4.132904529571533,46.85921,True
4.136810779571533,42.00989,True
4.140717029571533,37.261482,True
4.144623279571533,32.530506,True
4.148529529571533,27.723246,True
4.152435779571533,22.726282,True
4.156342029571533,17.37973,True
4.160248279571533,11.508854,True
4.164154529571533,4.9916673,True
4.168060779571533,-2.2235413,True
4.171967029571533,-10.149837,True
4.175873279571533,-18.762741,True
4.179779529571533,-27.957073,True
4.183685779571533,-37.53415,True
4.187592029571533,-47.247547,True
4.191498279571533,-56.83792,True
4.195404529571533,-66.0129,True
4.199310779571533,-74.42966,True
4.203217029571533,-81.73059,True
4.207123279571533,-87.58787,True
4.211029529571533,-91.71442,True
4.214935779571533,-93.86928,True
4.218842029571533,-93.87713,True
4.222748279571533,-91.6463,True
4.226654529571533,-87.176506,True
4.230560779571533,-80.55834,True
4.234467029571533,-71.96636,True
4.238373279571533,-61.64752,True
4.242279529571533,-49.906425,True
4.246185779571533,-37.088943,True
4.250092029571533,-23.569006,True
4.253998279571533,-9.741908,True
4.257904529571533,3.9972756,True
4.261810779571533,17.30773,True
4.265717029571533,29.942415,True
4.269623279571533,41.719593,True
4.273529529571533,52.47302,True
4.277435779571533,62.06033,True
4.281342029571533,70.40351,True
4.285248279571533,77.47948,True
4.289154529571533,83.272446,True
4.293060779571533,87.77055,True
4.296967029571533,91.008644,True
4.300873279571533,93.074455,True
4.304779529571533,94.059715,True
4.308685779571533,94.036835,True
4.312592029571533,93.09536,True
4.316498279571533,91.36425,True
4.320404529571533,88.97172,True
4.324310779571533,86.0078,True
4.328217029571533,82.55095,True
4.332123279571533,78.70744,True
4.336029529571533,74.59198,True
4.339935779571533,70.28424,True
4.343842029571533,65.839165,True
4.347748279571533,61.330494,True
4.351654529571533,56.845806,True
4.355560779571533,52.439423,True
4.359467029571533,48.12444,True
4.363373279571533,43.913036,True
4.367279529571533,39.828667,True
4.371185779571533,35.865486,True
4.375092029571533,31.966122,True
4.378998279571533,28.058817,True
4.382904529571533,24.091785,True
4.386810779571533,20.010784,True
4.390717029571533,15.7296095,True
4.394623279571533,11.153845,True
4.398529529571533,6.2169895,True
4.402435779571533,0.86158776,True
4.406342029571533,-5.003354,True
4.410248279571533,-11.490453,True
4.414154529571533,-18.681105,True
4.418060779571533,-26.615372,True
4.421967029571533,-35.32669,True
4.425873279571533,-44.83503,True
4.429779529571533,-55.085884,True
4.433685779571533,-65.92593,True
4.437592029571533,-77.14739,True
4.441498279571533,-88.520065,True
4.445404529571533,-99.762146,True
4.449310779571533,-110.516205,True
4.453217029571533,-120.393684,True
4.457123279571533,-129.03587,True
4.461029529571533,-136.11568,True
4.464935779571533,-141.3124,True
4.468842029571533,-144.3361,True
4.472748279571533,-144.9811,True
4.476654529571533,-143.1308,True
4.480560779571533,-138.72191,True
4.484467029571533,-131.7476,True
4.488373279571533,-122.3051,True
4.492279529571533,-110.604836,True
4.496185779571533,-96.91914,True
4.500092029571533,-81.54978,True
4.503998279571533,-64.853264,True
4.507904529571533,-47.255043,True
4.511810779571533,-29.201094,True
4.515717029571533,-11.105765,True
4.519623279571533,6.640467,True
4.523529529571533,23.647167,True
4.527435779571533,39.553875,True
4.531342029571533,54.083076,True
4.535248279571533,67.03874,True
4.539154529571533,78.264175,True
4.543060779571533,87.6395,True
4.546967029571533,95.12285,True
4.550873279571533,100.75675,True
4.554779529571533,104.62043,True
4.558685779571533,106.80306,True
4.562592029571533,107.43377,True
4.566498279571533,106.70008,True
4.570404529571533,104.80358,True
4.574310779571533,101.912994,True
4.578217029571533,98.18082,True
4.582123279571533,93.77841,True
4.586029529571533,88.878044,True
4.589935779571533,83.61253,True
4.593842029571533,78.08683,True
4.597748279571533,72.4223,True
4.601654529571533,66.75214,True
4.605560779571533,61.172607,True
4.609467029571533,55.736504,True
4.613373279571533,50.50145,True
4.617279529571533,45.547947,True
4.621185779571533,40.9384,True
4.625092029571533,36.693375,True
4.628998279571533,32.824577,True
4.632904529571533,29.357883,True
4.636810779571533,26.296505,True
4.640717029571533,23.581495,True
4.644623279571533,21.114801,True
4.648529529571533,18.802338,True
4.652435779571533,16.541822,True
4.656342029571533,14.184978,True
4.660248279571533,11.555324,True
4.664154529571533,8.503158,True
4.668060779571533,4.910726,True
4.671967029571533,0.6512597,True
4.675873279571533,-4.4092298,True
4.679779529571533,-10.354074,True
4.683685779571533,-17.188387,True
4.687592029571533,-24.873455,True
4.691498279571533,-33.346275,True
4.695404529571533,-42.481007,True
4.699310779571533,-52.059803,True
4.703217029571533,-61.808487,True
4.707123279571533,-71.44367,True
4.711029529571533,-80.66412,True
4.714935779571533,-89.12289,True
4.718842029571533,-96.456726,True
4.722748279571533,-102.35308,True
4.726654529571533,-106.57018,True
4.730560779571533,-108.90991,True
4.734467029571533,-109.22286,True
4.738373279571533,-107.45406,True
4.742279529571533,-103.64983,True
4.746185779571533,-97.90802,True
4.750092029571533,-90.35233,True
4.753998279571533,-81.16566,True
4.757904529571533,-70.60829,True
4.761810779571533,-58.97081,True
4.765717029571533,-46.52655,True
4.769623279571533,-33.54816,True
4.773529529571533,-20.33991,True
4.777435779571533,-7.2132773,True
4.781342029571533,5.5632005,True
4.785248279571533,17.762049,True
4.789154529571533,29.158438,True
4.793060779571533,39.535767,True
4.796967029571533,48.73268,True
4.800873279571533,56.650047,True
4.804779529571533,63.207985,True
4.808685779571533,68.33439,True
4.812592029571533,72.01025,True
4.816498279571533,74.29314,True
4.820404529571533,75.27441,True
4.824310779571533,75.03811,True
4.828217029571533,73.682,True
4.832123279571533,71.34978,True
4.836029529571533,68.20516,True
4.839935779571533,64.38445,True
4.843842029571533,60.005493,True
4.847748279571533,55.211613,True
4.851654529571533,50.16815,True
4.855560779571533,45.01699,True
4.859467029571533,39.86673,True
4.863373279571533,34.824898,True
4.867279529571533,30.00136,True
4.871185779571533,25.464027,True
4.875092029571533,21.217283,True
4.878998279571533,17.241495,True
4.882904529571533,13.524819,True
4.886810779571533,10.0290985,True
4.890717029571533,6.6519594,True
4.894623279571533,3.2581294,True
4.898529529571533,-0.2694982,True
4.902435779571533,-4.0407667,True
4.906342029571533,-8.198467,True
4.910248279571533,-12.901762,True
4.914154529571533,-18.266489,True
4.918060779571533,-24.347982,True
4.921967029571533,-31.17126,True
4.925873279571533,-38.730484,True
4.929779529571533,-46.94363,True
4.933685779571533,-55.63801,True
4.937592029571533,-64.59225,True
4.941498279571533,-73.56329,True
4.945404529571533,-82.26053,True
4.949310779571533,-90.332695,True
4.953217029571533,-97.41863,True
4.957123279571533,-103.20456,True
4.961029529571533,-107.421455,True
4.964935779571533,-109.82157,True
4.968842029571533,-110.20333,True
4.972748279571533,-108.45993,True
4.976654529571533,-104.57879,True
4.980560779571533,-98.60277,True
4.984467029571533,-90.6291,True
4.988373279571533,-80.84919,True
4.992279529571533,-69.548645,True
4.996185779571533,-57.046432,True
5.000105381011963,57.684742,True
5.004011631011963,65.95912,True
5.007917881011963,72.80386,True
5.011824131011963,78.16508,True
5.015730381011963,82.04617,True
5.019636631011963,84.511696,True
5.023542881011963,85.63856,True
5.027449131011963,85.49818,True
5.031355381011963,84.19837,True
5.035261631011963,81.905014,True
5.039167881011963,78.79747,True
5.043074131011963,75.02685,True
5.046980381011963,70.73594,True
5.050886631011963,66.087296,True
5.054792881011963,61.236168,True
5.058699131011963,56.28789,True
5.062605381011963,51.30556,True
5.066511631011963,46.341595,True
5.070417881011963,41.424786,True
5.074324131011963,36.51939,True
5.078230381011963,31.53189,True
5.082136631011963,26.362482,True
5.086042881011963,20.920996,True
5.089949131011963,15.093846,True
5.093855381011963,8.739708,True
5.097761631011963,1.7443229,True
5.101667881011963,-5.9369926,True
5.105574131011963,-14.298415,True
5.109480381011963,-23.305725,True
5.113386631011963,-32.86233,True
5.117292881011963,-42.768555,True
5.121199131011963,-52.74312,True
5.125105381011963,-62.47481,True
5.129011631011963,-71.6328,True
5.132917881011963,-79.85066,True
5.136824131011963,-86.75472,True
5.140730381011963,-92.03118,True
5.144636631011963,-95.45366,True
5.148542881011963,-96.85482,True
5.152449131011963,-96.1181,True
5.156355381011963,-93.22258,True
5.160261631011963,-88.26713,True
5.164167881011963,-81.424095,True
5.168074131011963,-72.89039,True
5.171980381011963,-62.90034,True
5.175886631011963,-51.749695,True
5.179792881011963,-39.763767,True
5.183699131011963,-27.247484,True
5.187605381011963,-14.488378,True
5.191511631011963,-1.788199,True
5.195417881011963,10.552435,True
5.199324131011963,22.284342,True
5.203230381011963,33.214622,True
5.207136631011963,43.1639,True
5.211042881011963,51.95833,True
5.214949131011963,59.47536,True
5.218855381011963,65.664825,True
5.222761631011963,70.50935,True
5.226667881011963,73.9931,True
5.230574131011963,76.13027,True
5.234480381011963,76.996704,True
5.238386631011963,76.70082,True
5.242292881011963,75.33876,True
5.246199131011963,73.00713,True
5.250105381011963,69.84181,True
5.254011631011963,66.00373,True
5.257917881011963,61.62934,True
5.261824131011963,56.828987,True
5.265730381011963,51.7297,True
5.269636631011963,46.474197,True
5.273542881011963,41.16237,True
5.277449131011963,35.825073,True
5.281355381011963,30.466404,True
5.285261631011963,25.09605,True
5.289167881011963,19.700302,True
5.293074131011963,14.212845,True
5.296980381011963,8.542483,True
5.300886631011963,2.6102104,True
5.304792881011963,-3.664035,True
5.308699131011963,-10.384753,True
5.312605381011963,-17.64788,True
5.316511631011963,-25.484179,True
5.320417881011963,-33.85833,True
5.324324131011963,-42.709305,True
5.328230381011963,-51.949947,True
5.332136631011963,-61.42293,True
5.336042881011963,-70.89241,True
5.339949131011963,-80.09095,True
5.343855381011963,-88.74899,True
5.347761631011963,-96.57274,True
5.351667881011963,-103.23661,True
5.355574131011963,-108.437035,True
5.359480381011963,-111.94499,True
5.363386631011963,-113.59276,True
5.367292881011963,-113.24161,True
5.371199131011963,-110.80421,True
5.375105381011963,-106.288704,True
5.379011631011963,-99.7864,True
5.382917881011963,-91.4227,True
5.386824131011963,-81.354195,True
5.390730381011963,-69.80627,True
5.394636631011963,-57.069046,True
5.398542881011963,-43.442726,True
5.402449131011963,-29.21269,True
5.406355381011963,-14.681687,True
5.410261631011963,-0.18418516,True
5.414167881011963,13.961082,True
5.418074131011963,27.492802,True
5.421980381011963,40.18414,True
5.425886631011963,51.809574,True
5.429792881011963,62.17031,True
5.433699131011963,71.14014,True
5.437605381011963,78.65577,True
5.441511631011963,84.67433,True
5.445417881011963,89.17851,True
5.449324131011963,92.21935,True
5.453230381011963,93.91284,True
5.457136631011963,94.38683,True
5.461042881011963,93.76283,True
5.464949131011963,92.19151,True
5.468855381011963,89.86192,True
5.472761631011963,86.9513,True
5.476667881011963,83.588524,True
5.480574131011963,79.87897,True
5.484480381011963,75.92841,True
5.488386631011963,71.80808,True
5.492292881011963,67.51372,True
5.496199131011963,62.98711,True
5.500105381011963,58.163456,True
5.504011631011963,52.971157,True
5.507917881011963,47.3019,True
5.511824131011963,41.02191,True
5.515730381011963,34.017776,True
5.519636631011963,26.205378,True
5.523542881011963,17.500404,True
5.527449131011963,7.8253813,True
5.531355381011963,-2.8335588,True
5.535261631011963,-14.397894,True
5.539167881011963,-26.729965,True
5.543074131011963,-39.65993,True
5.546980381011963,-52.956493,True
5.550886631011963,-66.298874,True
5.554792881011963,-79.31405,True
5.558699131011963,-91.6355,True
5.562605381011963,-102.90673,True
5.566511631011963,-112.752075,True
5.570417881011963,-120.79659,True
5.574324131011963,-126.72825,True
5.578230381011963,-130.31726,True
5.582136631011963,-131.38416,True
5.586042881011963,-129.8004,True
5.589949131011963,-125.54003,True
5.593855381011963,-118.69996,True
5.597761631011963,-109.45525,True
5.601667881011963,-98.02487,True
5.605574131011963,-84.695755,True
5.609480381011963,-69.84029,True
5.613386631011963,-53.867947,True
5.617292881011963,-37.1674,True
5.621199131011963,-20.11191,True
5.625105381011963,-3.089444,True
5.629011631011963,13.521192,True
5.632917881011963,29.405624,True
5.636824131011963,44.31991,True
5.640730381011963,58.051903,True
5.644636631011963,70.41562,True
5.648542881011963,81.28991,True
5.652449131011963,90.627884,True
5.656355381011963,98.41289,True
5.660261631011963,104.63379,True
5.664167881011963,109.31754,True
5.668074131011963,112.550865,True
5.671980381011963,114.4409,True
5.675886631011963,115.07357,True
5.679792881011963,114.53337,True
5.683699131011963,112.94141,True
5.687605381011963,110.43918,True
5.691511631011963,107.14546,True
5.695417881011963,103.163246,True
5.699324131011963,98.62279,True
5.703230381011963,93.6789,True
5.707136631011963,88.461044,True
5.711042881011963,83.060005,True
5.714949131011963,77.56892,True
5.718855381011963,72.09454,True
5.722761631011963,66.70496,True
5.726667881011963,61.39507,True
5.730574131011963,56.122047,True
5.734480381011963,50.845375,True
5.738386631011963,45.509865,True
5.742292881011963,40.01984,True
5.746199131011963,34.266308,True
5.750105381011963,28.167305,True
5.754011631011963,21.65288,True
5.757917881011963,14.625819,True
5.761824131011963,6.9788837,True
5.765730381011963,-1.3469175,True
5.769636631011963,-10.350444,True
5.773542881011963,-20.007717,True
5.777449131011963,-30.275143,True
5.781355381011963,-41.042587,True
5.785261631011963,-52.114567,True
5.789167881011963,-63.250744,True
5.793074131011963,-74.196106,True
5.796980381011963,-84.65579,True
5.800886631011963,-94.27451,True
5.804792881011963,-102.6801,True
5.808699131011963,-109.54504,True
5.812605381011963,-114.59367,True
5.816511631011963,-117.58083,True
5.820417881011963,-118.31338,True
5.824324131011963,-116.69917,True
5.828230381011963,-112.74802,True
5.832136631011963,-106.52663,True
5.836042881011963,-98.14798,True
5.839949131011963,-87.80878,True
5.843855381011963,-75.79567,True
5.847761631011963,-62.43249,True
5.851667881011963,-48.044094,True
5.855574131011963,-32.979465,True
5.859480381011963,-17.627653,True
5.863386631011963,-2.371477,True
5.867292881011963,12.465914,True
5.871199131011963,26.61163,True
5.875105381011963,39.80698,True
5.879011631011963,51.82063,True
5.882917881011963,62.49238,True
5.886824131011963,71.730965,True
5.890730381011963,79.47193,True
5.894636631011963,85.674126,True
5.898542881011963,90.36101,True
5.902449131011963,93.62545,True
5.906355381011963,95.576385,True
5.910261631011963,96.30659,True
5.914167881011963,95.92141,True
5.918074131011963,94.56074,True
5.921980381011963,92.3626,True
5.925886631011963,89.424736,True
5.929792881011963,85.82719,True
5.933699131011963,81.671524,True
5.937605381011963,77.06439,True
5.941511631011963,72.078224,True
5.945417881011963,66.76527,True
5.949324131011963,61.199173,True
5.953230381011963,55.4624,True
5.957136631011963,49.593773,True
5.961042881011963,43.58313,True
5.964949131011963,37.41837,True
5.968855381011963,31.10114,True
5.972761631011963,24.606068,True
5.976667881011963,17.85908,True
5.980574131011963,10.777217,True
5.984480381011963,3.3075194,True
5.988386631011963,-4.589924,True
5.992292881011963,-12.965887,True
5.996199131011963,-21.849073,True
6.000120639801025,3.3075194,True
6.004026889801025,-4.589924,True
6.007933139801025,-12.965887,True
6.011839389801025,-21.849073,True
6.015745639801025,-31.19556,True
6.019651889801025,-40.897057,True
6.023558139801025,-50.823704,True
6.027464389801025,-60.818653,True
6.031370639801025,-70.65454,True
6.035276889801025,-80.03741,True
6.039183139801025,-88.66529,True
6.043089389801025,-96.259605,True
6.046995639801025,-102.54385,True
6.050901889801025,-107.23853,True
6.054808139801025,-110.107834,True
6.058714389801025,-110.99592,True
6.062620639801025,-109.8059,True
6.066526889801025,-106.47649,True
6.070433139801025,-101.01591,True
6.074339389801025,-93.54523,True
6.078245639801025,-84.274254,True
6.082151889801025,-73.44093,True
6.086058139801025,-61.30047,True
6.089964389801025,-48.155968,True
6.093870639801025,-34.348747,True
6.097776889801025,-20.20469,True
6.101683139801025,-6.01692,True
6.105589389801025,7.92095,True
6.109495639801025,21.309015,True
6.113401889801025,33.88725,True
6.117308139801025,45.458942,True
6.121214389801025,55.853268,True
6.125120639801025,64.89562,True
6.129026889801025,72.44159,True
6.132933139801025,78.41948,True
6.136839389801025,82.813385,True
6.140745639801025,85.62549,True
6.144651889801025,86.88905,True
6.148558139801025,86.70514,True
6.152464389801025,85.22684,True
6.156370639801025,82.60458,True
6.160276889801025,78.974205,True
6.164183139801025,74.49212,True
6.168089389801025,69.339005,True
6.171995639801025,63.67406,True
6.175901889801025,57.614502,True
6.179808139801025,51.270428,True
6.183714389801025,44.76482,True
6.187620639801025,38.19414,True
6.191526889801025,31.594263,True
6.195433139801025,24.972584,True
6.199339389801025,18.352003,True
6.203245639801025,11.748873,True
6.207151889801025,5.1194487,True
6.211058139801025,-1.6400243,True
6.214964389801025,-8.650767,True
6.218870639801025,-16.042255,True
6.222776889801025,-23.972223,True
6.226683139801025,-32.599667,True
6.230589389801025,-42.0078,True
6.234495639801025,-52.165653,True
6.238401889801025,-62.960396,True
6.242308139801025,-74.223755,True
6.246214389801025,-85.70442,True
6.250120639801025,-97.048164,True
6.254026889801025,-107.84344,True
6.257933139801025,-117.68438,True
6.261839389801025,-126.181015,True
6.265745639801025,-132.94455,True
6.269651889801025,-137.61844,True
6.273558139801025,-139.93695,True
6.277464389801025,-139.73462,True
6.281370639801025,-136.91283,True
6.285276889801025,-131.4418,True
6.289183139801025,-123.40305,True
6.293089389801025,-112.99391,True
6.296995639801025,-100.47609,True
6.300901889801025,-86.144554,True
6.304808139801025,-70.35135,True
6.308714389801025,-53.5157,True
6.312620639801025,-36.07151,True
6.316526889801025,-18.413599,True
6.320433139801025,-0.90835434,True
6.324339389801025,16.07693,True
6.328245639801025,32.200665,True
6.332151889801025,47.197765,True
6.336058139801025,60.87371,True
6.339964389801025,73.05908,True
6.343870639801025,83.60865,True
6.347776889801025,92.44384,True
6.351683139801025,99.554726,True
6.355589389801025,104.9485,True
6.359495639801025,108.628555,True
6.363401889801025,110.63439,True
6.367308139801025,111.06594,True
6.371214389801025,110.044334,True
6.375120639801025,107.674835,True
6.379026889801025,104.07411,True
6.382933139801025,99.407906,True
6.386839389801025,93.86585,True
6.390745639801025,87.61285,True
6.394651889801025,80.795235,True
6.398558139801025,73.58026,True
6.402464389801025,66.14631,True
6.406370639801025,58.62873,True
6.410276889801025,51.107166,True
6.414183139801025,43.64544,True
6.418089389801025,36.30013,True
6.421995639801025,29.079111,True
6.425901889801025,21.9304,True
6.429808139801025,14.790395,True
6.433714389801025,7.616421,True
6.437620639801025,0.35668722,True
6.441526889801025,-7.0798984,True
6.445433139801025,-14.7892065,True
6.449339389801025,-22.816889,True
6.453245639801025,-31.158545,True
6.457151889801025,-39.79233,True
6.461058139801025,-48.669582,True
6.464964389801025,-57.673763,True
6.468870639801025,-66.62378,True
6.472776889801025,-75.32249,True
6.476683139801025,-83.569214,True
6.480589389801025,-91.121735,True
6.484495639801025,-97.69036,True
6.488401889801025,-102.992516,True
6.492308139801025,-106.790665,True
6.496214389801025,-108.870705,True
6.500120639801025,-109.025986,True
6.504026889801025,-107.10188,True
6.507933139801025,-103.04557,True
6.511839389801025,-96.88984,True
6.515745639801025,-88.70984,True
6.519651889801025,-78.63237,True
6.523558139801025,-66.876,True
6.527464389801025,-53.73772,True
6.531370639801025,-39.532646,True
6.535276889801025,-24.572992,True
6.539183139801025,-9.197438,True
6.543089389801025,6.2296457,True
6.546995639801025,21.370352,True
6.550901889801025,35.93964,True
6.554808139801025,49.67029,True
6.558714389801025,62.287598,True
6.562620639801025,73.547905,True
6.566526889801025,83.283134,True
6.570433139801025,91.38341,True
6.574339389801025,97.7599,True
6.578245639801025,102.36284,True
6.582151889801025,105.22289,True
6.586058139801025,106.43455,True
6.589964389801025,106.10175,True
6.593870639801025,104.33292,True
6.597776889801025,101.27974,True
6.601683139801025,97.131615,True
6.605589389801025,92.05584,True
6.609495639801025,86.17211,True
6.613401889801025,79.591354,True
6.617308139801025,72.43926,True
6.621214389801025,64.815636,True
6.625120639801025,56.756172,True
6.629026889801025,48.261223,True
6.632933139801025,39.33992,True
6.636839389801025,29.994488,True
6.640745639801025,20.181856,True
6.644651889801025,9.8361635,True
6.648558139801025,-1.0683655,True
6.652464389801025,-12.502952,True
6.656370639801025,-24.416689,True
6.660276889801025,-36.73218,True
6.664183139801025,-49.296165,True
6.668089389801025,-61.865894,True
6.671995639801025,-74.151764,True
6.675901889801025,-85.84322,True
6.679808139801025,-96.586426,True
6.683714389801025,-105.97898,True
6.687620639801025,-113.625534,True
6.691526889801025,-119.19626,True
6.695433139801025,-122.42982,True
6.699339389801025,-123.121956,True
6.703245639801025,-121.16107,True
6.707151889801025,-116.57178,True
6.711058139801025,-109.49144,True
6.714964389801025,-100.10844,True
6.718870639801025,-88.65007,True
6.722776889801025,-75.41536,True
6.726683139801025,-60.769817,True
6.730589389801025,-45.090897,True
6.734495639801025,-28.741058,True
6.738401889801025,-12.0921755,True
6.742308139801025,4.4687576,True
6.746214389801025,20.585505,True
6.750120639801025,35.96461,True
6.754026889801025,50.3476,True
6.757933139801025,63.480564,True
6.761839389801025,75.142845,True
6.765745639801025,85.19183,True
6.769651889801025,93.550514,True
6.773558139801025,100.16363,True
6.777464389801025,105.000755,True
6.781370639801025,108.09528,True
6.785276889801025,109.539375,True
6.789183139801025,109.433014,True
6.793089389801025,107.86892,True
6.796995639801025,104.97292,True
6.800901889801025,100.92219,True
6.804808139801025,95.904366,True
6.808714389801025,90.08581,True
6.812620639801025,83.63693,True
6.816526889801025,76.75804,True
6.820433139801025,69.64849,True
6.824339389801025,62.46524,True
6.828245639801025,55.33533,True
6.832151889801025,48.387497,True
6.836058139801025,41.73153,True
6.839964389801025,35.410103,True
6.843870639801025,29.404587,True
6.847776889801025,23.687069,True
6.851683139801025,18.230057,True
6.855589389801025,12.959608,True
6.859495639801025,7.7405057,True
6.863401889801025,2.4271219,True
6.867308139801025,-3.1002696,True
6.871214389801025,-8.960962,True
6.875120639801025,-15.294601,True
6.879026889801025,-22.220722,True
6.882933139801025,-29.788921,True
6.886839389801025,-37.984894,True
6.890745639801025,-46.757275,True
6.894651889801025,-56.00018,True
6.898558139801025,-65.5188,True
6.902464389801025,-75.04768,True
6.906370639801025,-84.303894,True
6.910276889801025,-92.997314,True
6.914183139801025,-100.800514,True
6.918089389801025,-107.360695,True
6.921995639801025,-112.36798,True
6.925901889801025,-115.59382,True
6.929808139801025,-116.86345,True
6.933714389801025,-116.03782,True
6.937620639801025,-113.05338,True
6.941526889801025,-107.95575,True
6.945433139801025,-100.867256,True
6.949339389801025,-91.940216,True
6.953245639801025,-81.36775,True
6.957151889801025,-69.41821,True
6.961058139801025,-56.414078,True
6.964964389801025,-42.67264,True
6.968870639801025,-28.492456,True
6.972776889801025,-14.187385,True
6.976683139801025,-0.08496314,True
6.980589389801025,13.525956,True
6.984495639801025,26.418457,True
6.988401889801025,38.394474,True
6.992308139801025,49.268078,True
6.996214389801025,58.90259,True
7.000147819519043,26.418457,True
7.004054069519043,38.394474,True
7.007960319519043,49.268078,True
7.011866569519043,58.90259,True
7.015772819519043,67.23551,True
7.019679069519043,74.2412,True
7.023585319519043,79.889114,True
7.027491569519043,84.16326,True
7.031397819519043,87.10013,True
7.035304069519043,88.76928,True
7.039210319519043,89.22619,True
7.043116569519043,88.52019,True
7.047022819519043,86.74194,True
7.050929069519043,84.02302,True
7.054835319519043,80.48664,True
7.058741569519043,76.23428,True
7.062647819519043,71.38668,True
7.066554069519043,66.101036,True
7.070460319519043,60.52953,True
7.074366569519043,54.78818,True
7.078272819519043,48.98441,True
7.082179069519043,43.24432,True
7.086085319519043,37.68276,True
7.089991569519043,32.367317,True
7.093897819519043,27.341295,True
7.097804069519043,22.662954,True
7.101710319519043,18.387323,True
7.105616569519043,14.520756,True
7.109522819519043,11.02561,True
7.113429069519043,7.859823,True
7.117335319519043,4.975042,True
7.121241569519043,2.2732656,True
7.125147819519043,-0.40164647,True
7.129054069519043,-3.2181456,True
7.132960319519043,-6.3288965,True
7.136866569519043,-9.896829,True
7.140772819519043,-14.109471,True
7.144679069519043,-19.130552,True
7.148585319519043,-25.04938,True
7.152491569519043,-31.896072,True
7.156397819519043,-39.6748,True
7.160304069519043,-48.33818,True
7.164210319519043,-57.738514,True
7.168116569519043,-67.639885,True
7.172022819519043,-77.77209,True
7.175929069519043,-87.84104,True
7.179835319519043,-97.497185,True
7.183741569519043,-106.34476,True
7.187647819519043,-114.005424,True
7.191554069519043,-120.155914,True
7.195460319519043,-124.50832,True
7.199366569519043,-126.80277,True
7.203272819519043,-126.85345,True
7.207179069519043,-124.587234,True
7.211085319519043,-120.01946,True
7.214991569519043,-113.21363,True
7.218897819519043,-104.29247,True
7.222804069519043,-93.46787,True
7.226710319519043,-81.01814,True
7.230616569519043,-67.23628,True
7.234522819519043,-52.425888,True
7.238429069519043,-36.934456,True
7.242335319519043,-21.144464,True
7.246241569519043,-5.4165235,True
7.250147819519043,9.935558,True
7.254054069519043,24.614214,True
7.257960319519043,38.325867,True
7.261866569519043,50.82428,True
7.265772819519043,61.943096,True
7.269679069519043,71.56746,True
7.273585319519043,79.60059,True
7.277491569519043,85.98748,True
7.281397819519043,90.75283,True
7.285304069519043,93.97973,True
7.289210319519043,95.75742,True
7.293116569519043,96.18098,True
7.297022819519043,95.39101,True
7.300929069519043,93.56739,True
7.304835319519043,90.875374,True
7.308741569519043,87.450165,True
7.312647819519043,83.4367,True
7.316554069519043,79.00334,True
7.320460319519043,74.29829,True
7.324366569519043,69.42194,True
7.328272819519043,64.45997,True
7.332179069519043,59.513645,True
7.336085319519043,54.67087,True
7.339991569519043,49.969227,True
7.343897819519043,45.417614,True
7.347804069519043,41.03844,True
7.351710319519043,36.854973,True
7.355616569519043,32.847523,True
7.359522819519043,28.96058,True
7.363429069519043,25.154459,True
7.367335319519043,21.41812,True
7.371241569519043,17.73069,True
7.375147819519043,14.048927,True
7.379054069519043,10.346448,True
7.382960319519043,6.6318846,True
7.386866569519043,2.9072216,True
7.390772819519043,-0.8638757,True
7.394679069519043,-4.722782,True
7.398585319519043,-8.67954,True
7.402491569519043,-12.742144,True
7.406397819519043,-16.961061,True
7.410304069519043,-21.40986,True
7.414210319519043,-26.136,True
7.418116569519043,-31.164019,True
7.422022819519043,-36.532585,True
7.425929069519043,-42.282032,True
7.429835319519043,-48.395653,True
7.433741569519043,-54.781403,True
7.437647819519043,-61.314182,True
7.441554069519043,-67.859985,True
7.445460319519043,-74.24399,True
7.449366569519043,-80.23211,True
7.453272819519043,-85.57823,True
7.457179069519043,-90.07488,True
7.461085319519043,-93.5401,True
7.464991569519043,-95.7877,True
7.468897819519043,-96.653175,True
7.472804069519043,-96.03925,True
7.476710319519043,-93.904465,True
7.480616569519043,-90.21772,True
7.484522819519043,-84.96074,True
7.488429069519043,-78.17499,True
7.492335319519043,-69.97203,True
7.496241569519043,-60.49407,True
7.500147819519043,-49.899498,True
7.504054069519043,-38.39731,True
7.507960319519043,-26.26011,True
7.511866569519043,-13.780478,True
7.515772819519043,-1.2340158,True
7.519679069519043,11.10422,True
7.523585319519043,22.94422,True
7.527491569519043,34.021988,True
7.531397819519043,44.148468,True
7.535304069519043,53.195457,True
7.539210319519043,61.050686,True
7.543116569519043,67.62185,True
7.547022819519043,72.87708,True
7.550929069519043,76.84157,True
7.554835319519043,79.54803,True
7.558741569519043,81.02292,True
7.562647819519043,81.32681,True
7.566554069519043,80.57162,True
7.570460319519043,78.880745,True
7.574366569519043,76.360115,True
7.578272819519043,73.125404,True
7.582179069519043,69.32721,True
7.586085319519043,65.119,True
7.589991569519043,60.61697,True
7.593897819519043,55.915977,True
7.597804069519043,51.125103,True
7.601710319519043,46.352207,True
7.605616569519043,41.660225,True
7.609522819519043,37.07111,True
7.613429069519043,32.609497,True
7.617335319519043,28.305079,True
7.621241569519043,24.147257,True
7.625147819519043,20.076874,True
7.629054069519043,16.036732,True
7.632960319519043,11.995987,True
7.636866569519043,7.9071417,True
7.640772819519043,3.6719003,True
7.644679069519043,-0.82412684,True
7.648585319519043,-5.666314,True
7.652491569519043,-10.924569,True
7.656397819519043,-16.684347,True
7.660304069519043,-23.020803,True
7.664210319519043,-29.943064,True
7.668116569519043,-37.389946,True
7.672022819519043,-45.268127,True
7.675929069519043,-53.452816,True
7.679835319519043,-61.747753,True
7.683741569519043,-69.88459,True
7.687647819519043,-77.57772,True
7.691554069519043,-84.55557,True
7.695460319519043,-90.53801,True
7.699366569519043,-95.23007,True
7.703272819519043,-98.36973,True
7.707179069519043,-99.76625,True
7.711085319519043,-99.282036,True
7.714991569519043,-96.81097,True
7.718897819519043,-92.31068,True
7.722804069519043,-85.84386,True
7.726710319519043,-77.55674,True
7.730616569519043,-67.62554,True
7.734522819519043,-56.25489,True
7.738429069519043,-43.7159,True
7.742335319519043,-30.336863,True
7.746241569519043,-16.440752,True
7.750147819519043,-2.3179364,True
7.754054069519043,11.738847,True
7.757960319519043,25.418259,True
7.761866569519043,38.436275,True
7.765772819519043,50.573193,True
7.769679069519043,61.64552,True
7.773585319519043,71.470505,True
7.777491569519043,79.88794,True
7.781397819519043,86.79742,True
7.785304069519043,92.143776,True
7.789210319519043,95.88123,True
7.793116569519043,97.98832,True
7.797022819519043,98.51351,True
7.800929069519043,97.57146,True
7.804835319519043,95.29425,True
7.808741569519043,91.81993,True
7.812647819519043,87.32829,True
7.816554069519043,82.04385,True
7.820460319519043,76.1832,True
7.824366569519043,69.92291,True
7.828272819519043,63.427357,True
7.832179069519043,56.87137,True
7.836085319519043,50.40582,True
7.839991569519043,44.12045,True
7.843897819519043,38.07044,True
7.847804069519043,32.32572,True
7.851710319519043,26.962448,True
7.855616569519043,22.019028,True
7.859522819519043,17.499214,True
7.863429069519043,13.411126,True
7.867335319519043,9.759805,True
7.871241569519043,6.49616,True
7.875147819519043,3.5094879,True
7.879054069519043,0.6769565,True
7.882960319519043,-2.1146786,True
7.886866569519043,-5.00406,True
7.890772819519043,-8.171701,True
7.894679069519043,-11.794795,True
7.898585319519043,-16.003672,True
7.902491569519043,-20.898142,True
7.906397819519043,-26.573196,True
7.910304069519043,-33.08392,True
7.914210319519043,-40.38935,True
7.918116569519043,-48.358486,True
7.922022819519043,-56.818054,True
7.925929069519043,-65.55789,True
7.929835319519043,-74.298355,True
7.933741569519043,-82.7009,True
7.937647819519043,-90.43135,True
7.941554069519043,-97.19362,True
7.945460319519043,-102.70359,True
7.949366569519043,-106.67608,True
7.953272819519043,-108.86936,True
7.957179069519043,-109.12701,True
7.961085319519043,-107.36178,True
7.964991569519043,-103.528465,True
7.968897819519043,-97.64744,True
7.972804069519043,-89.8408,True
7.976710319519043,-80.30955,True
7.980616569519043,-69.279434,True
7.984522819519043,-56.99459,True
7.988429069519043,-43.748188,True
7.992335319519043,-29.871431,True
7.996241569519043,-15.6790285,True
8.000164985656738,84.72352,True
8.004071235656738,89.819954,True
8.007977485656738,93.46957,True
8.011883735656738,95.6707,True
8.015789985656738,96.47905,True
8.019696235656738,95.99669,True
8.023602485656738,94.31522,True
8.027508735656738,91.50503,True
8.031414985656738,87.66033,True
8.035321235656738,82.909744,True
8.039227485656738,77.36443,True
8.043133735656738,71.08806,True
8.047039985656738,64.133156,True
8.050946235656738,56.571793,True
8.054852485656738,48.463127,True
8.058758735656738,39.82015,True
8.062664985656738,30.642447,True
8.066571235656738,20.963163,True
8.070477485656738,10.834355,True
8.074383735656738,0.28856832,True
8.078289985656738,-10.641729,True
8.082196235656738,-21.870161,True
8.086102485656738,-33.255615,True
8.090008735656738,-44.648914,True
8.093914985656738,-55.8994,True
8.097821235656738,-66.8106,True
8.101727485656738,-77.12753,True
8.105633735656738,-86.58416,True
8.109539985656738,-94.93954,True
8.113446235656738,-101.95742,True
8.117352485656738,-107.38537,True
8.121258735656738,-110.99022,True
8.125164985656738,-112.6064,True
8.129071235656738,-112.128456,True
8.132977485656738,-109.47753,True
8.136883735656738,-104.61634,True
8.140789985656738,-97.59593,True
8.144696235656738,-88.55504,True
8.148602485656738,-77.67498,True
8.152508735656738,-65.17034,True
8.156414985656738,-51.325138,True
8.160321235656738,-36.49382,True
8.164227485656738,-21.044788,True
8.168133735656738,-5.325522,True
8.172039985656738,10.313121,True
8.175946235656738,25.503756,True
8.179852485656738,39.91034,True
8.183758735656738,53.276844,True
8.187664985656738,65.41109,True
8.191571235656738,76.14643,True
8.195477485656738,85.35687,True
8.199383735656738,92.99886,True
8.203289985656738,99.09951,True
8.207196235656738,103.70423,True
8.211102485656738,106.86728,True
8.215008735656738,108.68799,True
8.218914985656738,109.3112,True
8.222821235656738,108.87555,True
8.226727485656738,107.48864,True
8.230633735656738,105.26171,True
8.234539985656738,102.33203,True
8.238446235656738,98.826164,True
8.242352485656738,94.82402,True
8.246258735656738,90.38344,True
8.250164985656738,85.57993,True
8.254071235656738,80.493706,True
8.257977485656738,75.175446,True
8.261883735656738,69.66248,True
8.265789985656738,64.023346,True
8.269696235656738,58.351032,True
8.273602485656738,52.712482,True
8.277508735656738,47.139477,True
8.281414985656738,41.672607,True
8.285321235656738,36.37711,True
8.289227485656738,31.303885,True
8.293133735656738,26.46917,True
8.297039985656738,21.891123,True
8.300946235656738,17.617876,True
8.304852485656738,13.6959505,True
8.308758735656738,10.133274,True
8.312664985656738,6.9203076,True
8.316571235656738,4.0695367,True
8.320477485656738,1.6009084,True
8.324383735656738,-0.50125575,True
8.328289985656738,-2.282356,True
8.332196235656738,-3.7784102,True
8.336102485656738,-5.025299,True
8.340008735656738,-6.108937,True
8.343914985656738,-7.169232,True
8.347821235656738,-8.347747,True
8.351727485656738,-9.763386,True
8.355633735656738,-11.545685,True
8.359539985656738,-13.8505125,True
8.363446235656738,-16.812937,True
8.367352485656738,-20.503447,True
8.371258735656738,-24.949272,True
8.375164985656738,-30.170916,True
8.379071235656738,-36.16205,True
8.382977485656738,-42.8432,True
8.386883735656738,-50.065525,True
8.390789985656738,-57.651283,True
8.394696235656738,-65.39498,True
8.398602485656738,-73.02964,True
8.402508735656738,-80.23896,True
8.406414985656738,-86.72195,True
8.410321235656738,-92.224686,True
8.414227485656738,-96.512665,True
8.418133735656738,-99.35934,True
8.422039985656738,-100.58964,True
8.425946235656738,-100.11103,True
8.429852485656738,-97.88355,True
8.433758735656738,-93.88985,True
8.437664985656738,-88.164986,True
8.441571235656738,-80.83547,True
8.445477485656738,-72.09541,True
8.449383735656738,-62.154163,True
8.453289985656738,-51.23564,True
8.457196235656738,-39.614117,True
8.461102485656738,-27.603554,True
8.465008735656738,-15.500729,True
8.468914985656738,-3.5667799,True
8.472821235656738,7.937156,True
8.476727485656738,18.740227,True
8.480633735656738,28.607273,True
8.484539985656738,37.367664,True
8.488446235656738,44.886364,True
8.492352485656738,51.03991,True
8.496258735656738,55.747986,True
8.500164985656738,59.003525,True
8.504071235656738,60.839584,True
8.507977485656738,61.282883,True
8.511883735656738,60.36933,True
8.515789985656738,58.187557,True
8.519696235656738,54.867268,True
8.523602485656738,50.527428,True
8.527508735656738,45.269287,True
8.531414985656738,39.21658,True
8.535321235656738,32.519665,True
8.539227485656738,25.305218,True
8.543133735656738,17.654299,True
8.547039985656738,9.646401,True
8.550946235656738,1.3928715,True
8.554852485656738,-6.9960704,True
8.558758735656738,-15.448216,True
8.562664985656738,-23.903124,True
8.566571235656738,-32.26849,True
8.570477485656738,-40.43281,True
8.574383735656738,-48.30552,True
8.578289985656738,-55.805634,True
8.582196235656738,-62.81117,True
8.586102485656738,-69.15381,True
8.590008735656738,-74.6664,True
8.593914985656738,-79.20226,True
8.597821235656738,-82.60455,True
8.601727485656738,-84.69968,True
8.605633735656738,-85.34717,True
8.609539985656738,-84.47473,True
8.613446235656738,-82.049385,True
8.617352485656738,-78.04756,True
8.621258735656738,-72.48641,True
8.625164985656738,-65.46431,True
8.629071235656738,-57.138405,True
8.632977485656738,-47.677776,True
8.636883735656738,-37.269676,True
8.640789985656738,-26.153694,True
8.644696235656738,-14.603992,True
8.648602485656738,-2.8719714,True
8.652508735656738,8.825088,True
8.656414985656738,20.263186,True
8.660321235656738,31.203327,True
8.664227485656738,41.438633,True
8.668133735656738,50.818527,True
8.672039985656738,59.214146,True
8.675946235656738,66.49535,True
8.679852485656738,72.567635,True
8.683758735656738,77.40662,True
8.687664985656738,81.02809,True
8.691571235656738,83.44336,True
8.695477485656738,84.67391,True
8.699383735656738,84.79306,True
8.703289985656738,83.914,True
8.707196235656738,82.13985,True
8.711102485656738,79.5588,True
8.715008735656738,76.284775,True
8.718914985656738,72.46081,True
8.722821235656738,68.21162,True
8.726727485656738,63.626495,True
8.730633735656738,58.800953,True
8.734539985656738,53.860935,True
8.738446235656738,48.923958,True
8.742352485656738,44.06099,True
8.746258735656738,39.317337,True
8.750164985656738,34.74672,True
8.754071235656738,30.39625,True
8.757977485656738,26.272816,True
8.761883735656738,22.355316,True
8.765789985656738,18.633005,True
8.769696235656738,15.097583,True
8.773602485656738,11.697183,True
8.777508735656738,8.335416,True
8.781414985656738,4.9245706,True
8.785321235656738,1.4067757,True
8.789227485656738,-2.2856767,True
8.793133735656738,-6.251601,True
8.797039985656738,-10.578954,True
8.800946235656738,-15.307619,True
8.804852485656738,-20.453955,True
8.808758735656738,-26.042664,True
8.812664985656738,-32.08122,True
8.816571235656738,-38.519012,True
8.820477485656738,-45.26289,True
8.824383735656738,-52.220287,True
8.828289985656738,-59.293507,True
8.832196235656738,-66.33941,True
8.836102485656738,-73.17241,True
8.840008735656738,-79.60931,True
8.843914985656738,-85.47724,True
8.847821235656738,-90.574776,True
8.851727485656738,-94.66696,True
8.855633735656738,-97.54173,True
8.859539985656738,-99.049736,True
8.863446235656738,-99.07956,True
8.867352485656738,-97.53224,True
8.871258735656738,-94.35375,True
8.875164985656738,-89.57314,True
8.879071235656738,-83.279495,True
8.882977485656738,-75.57689,True
8.886883735656738,-66.59257,True
8.890789985656738,-56.515278,True
8.894696235656738,-45.583263,True
8.898602485656738,-34.029823,True
8.902508735656738,-22.070938,True
8.906414985656738,-9.943342,True
8.910321235656738,2.0913618,True
8.914227485656738,13.799172,True
8.918133735656738,25.00126,True
8.922039985656738,35.538277,True
8.925946235656738,45.243484,True
8.929852485656738,53.976162,True
8.933758735656738,61.65509,True
8.937664985656738,68.23087,True
8.941571235656738,73.64646,True
8.945477485656738,77.85753,True
8.949383735656738,80.87682,True
8.953289985656738,82.76246,True
8.957196235656738,83.569176,True
8.961102485656738,83.34675,True
8.965008735656738,82.18206,True
8.968914985656738,80.20012,True
8.972821235656738,77.51376,True
8.976727485656738,74.205414,True
8.980633735656738,70.36678,True
8.984539985656738,66.119286,True
8.988446235656738,61.575455,True
8.992352485656738,56.80939,True
8.996258735656738,51.88808,True
9.000184535980225,66.119286,True
9.004090785980225,61.575455,True
9.007997035980225,56.80939,True
9.011903285980225,51.88808,True
9.015809535980225,46.906887,True
9.019715785980225,41.965538,True
9.023622035980225,37.126186,True
9.027528285980225,32.426468,True
9.031434535980225,27.919004,True
9.035340785980225,23.65868,True
9.039247035980225,19.65482,True
9.043153285980225,15.869706,True
9.047059535980225,12.260509,True
9.050965785980225,8.785426,True
9.054872035980225,5.363202,True
9.058778285980225,1.8635052,True
9.062684535980225,-1.8442634,True
9.066590785980225,-5.857657,True
9.070497035980225,-10.271544,True
9.074403285980225,-15.2087345,True
9.078309535980225,-20.78422,True
9.082215785980225,-27.049446,True
9.086122035980225,-33.99524,True
9.090028285980225,-41.5882,True
9.093934535980225,-49.76039,True
9.097840785980225,-58.36369,True
9.101747035980225,-67.17127,True
9.105653285980225,-75.92883,True
9.109559535980225,-84.37394,True
9.113465785980225,-92.204994,True
9.117372035980225,-99.06515,True
9.121278285980225,-104.573,True
9.125184535980225,-108.37109,True
9.129090785980225,-110.16496,True
9.132997035980225,-109.748276,True
9.136903285980225,-107.01602,True
9.140809535980225,-101.96805,True
9.144715785980225,-94.704796,True
9.148622035980225,-85.417114,True
9.152528285980225,-74.37196,True
9.156434535980225,-61.892033,True
9.160340785980225,-48.32393,True
9.164247035980225,-34.008106,True
9.168153285980225,-19.28367,True
9.172059535980225,-4.516766,True
9.175965785980225,9.9123745,True
9.179872035980225,23.671175,True
9.183778285980225,36.504944,True
9.187684535980225,48.20172,True
9.191590785980225,58.564674,True
9.195497035980225,67.44476,True
9.199403285980225,74.7766,True
9.203309535980225,80.555435,True
9.207215785980225,84.79394,True
9.211122035980225,87.51499,True
9.215028285980225,88.76576,True
9.218934535980225,88.62351,True
9.222840785980225,87.19407,True
9.226747035980225,84.60846,True
9.230653285980225,81.01818,True
9.234559535980225,76.58972,True
9.238465785980225,71.49858,True
9.242372035980225,65.923294,True
9.246278285980225,60.039734,True
9.250184535980225,54.01119,True
9.254090785980225,47.971684,True
9.257997035980225,42.02615,True
9.261903285980225,36.285038,True
9.265809535980225,30.885824,True
9.269715785980225,25.954874,True
9.273622035980225,21.558157,True
9.277528285980225,17.70938,True
9.281434535980225,14.405487,True
9.285340785980225,11.6144085,True
9.289247035980225,9.231277,True
9.293153285980225,7.084373,True
9.297059535980225,4.989924,True
9.300965785980225,2.773343,True
9.304872035980225,0.24076366,True
9.308778285980225,-2.8227103,True
9.312684535980225,-6.5977144,True
9.316590785980225,-11.187678,True
9.320497035980225,-16.635143,True
9.324403285980225,-22.943687,True
9.328309535980225,-30.050945,True
9.332215785980225,-37.794323,True
9.336122035980225,-45.93259,True
9.340028285980225,-54.19477,True
9.343934535980225,-62.28615,True
9.347840785980225,-69.86668,True
9.351747035980225,-76.57475,True
9.355653285980225,-82.09173,True
9.359559535980225,-86.16767,True
9.363465785980225,-88.592834,True
9.367372035980225,-89.19019,True
9.371278285980225,-87.86085,True
9.375184535980225,-84.61182,True
9.379090785980225,-79.518776,True
9.382997035980225,-72.68789,True
9.386903285980225,-64.276306,True
9.390809535980225,-54.51654,True
9.394715785980225,-43.678593,True
9.398622035980225,-32.018597,True
9.402528285980225,-19.7897,True
9.406434535980225,-7.2792187,True
9.410340785980225,5.208901,True
9.414247035980225,17.407545,True
9.418153285980225,29.092436,True
9.422059535980225,40.041813,True
9.425965785980225,50.03189,True
9.429872035980225,58.8842,True
9.433778285980225,66.48702,True
9.437684535980225,72.758446,True
9.441590785980225,77.6216,True
9.445497035980225,81.03916,True
9.449403285980225,83.04698,True
9.453309535980225,83.727356,True
9.457215785980225,83.16667,True
9.461122035980225,81.46353,True
9.465028285980225,78.758224,True
9.468934535980225,75.216385,True
9.472840785980225,70.98488,True
9.476747035980225,66.190544,True
9.480653285980225,60.97653,True
9.484559535980225,55.50338,True
9.488465785980225,49.903374,True
9.492372035980225,44.26113,True
9.496278285980225,38.6499,True
9.500184535980225,33.154316,True
9.504090785980225,27.83562,True
9.507997035980225,22.699785,True
9.511903285980225,17.725817,True
9.515809535980225,12.9050045,True
9.519715785980225,8.220012,True
9.523622035980225,3.6010983,True
9.527528285980225,-1.0561614,True
9.531434535980225,-5.835098,True
9.535340785980225,-10.796847,True
9.539247035980225,-16.028814,True
9.543153285980225,-21.650082,True
9.547059535980225,-27.758698,True
9.550965785980225,-34.40363,True
9.554872035980225,-41.6098,True
9.558778285980225,-49.38514,True
9.562684535980225,-57.675194,True
9.566590785980225,-66.33155,True
9.570497035980225,-75.142006,True
9.574403285980225,-83.867134,True
9.578309535980225,-92.22584,True
9.582215785980225,-99.87361,True
9.586122035980225,-106.43966,True
9.590028285980225,-111.59097,True
9.593934535980225,-115.048485,True
9.597840785980225,-116.56694,True
9.601747035980225,-115.952126,True
9.605653285980225,-113.11371,True
9.609559535980225,-108.07331,True
9.613465785980225,-100.91553,True
9.617372035980225,-91.764404,True
9.621278285980225,-80.814,True
9.625184535980225,-68.340164,True
9.629090785980225,-54.6529,True
9.632997035980225,-40.05399,True
9.636903285980225,-24.854773,True
9.640809535980225,-9.400331,True
9.644715785980225,5.9657645,True
9.648622035980225,20.953432,True
9.652528285980225,35.31725,True
9.656434535980225,48.813587,True
9.660340785980225,61.207687,True
9.664247035980225,72.32059,True
9.668153285980225,82.03066,True
9.672059535980225,90.227264,True
9.675965785980225,96.804344,True
9.679872035980225,101.71076,True
9.683778285980225,104.970276,True
9.687684535980225,106.63691,True
9.691590785980225,106.76211,True
9.695497035980225,105.424324,True
9.699403285980225,102.75896,True
9.703309535980225,98.92737,True
9.707215785980225,94.0723,True
9.711122035980225,88.32721,True
9.715028285980225,81.84609,True
9.718934535980225,74.78302,True
9.722840785980225,67.24251,True
9.726747035980225,59.279087,True
9.730653285980225,50.94157,True
9.734559535980225,42.28088,True
9.738465785980225,33.309925,True
9.742372035980225,23.993862,True
9.746278285980225,14.29673,True
9.750184535980225,4.2146864,True
9.754090785980225,-6.242086,True
9.757997035980225,-17.060207,True
9.761903285980225,-28.181995,True
9.765809535980225,-39.465923,True
9.769715785980225,-50.70839,True
9.773622035980225,-61.686817,True
9.777528285980225,-72.15435,True
9.781434535980225,-81.811,True
9.785340785980225,-90.325516,True
9.789247035980225,-97.395195,True
9.793153285980225,-102.762634,True
9.797059535980225,-106.18585,True
9.800965785980225,-107.44376,True
9.804872035980225,-106.39628,True
9.808778285980225,-103.015915,True
9.812684535980225,-97.35245,True
9.816590785980225,-89.50459,True
9.820497035980225,-79.64874,True
9.824403285980225,-68.06239,True
9.828309535980225,-55.084515,True
9.832215785980225,-41.062946,True
9.836122035980225,-26.35797,True
9.840028285980225,-11.369417,True
9.843934535980225,3.488334,True
9.847840785980225,17.84392,True
9.851747035980225,31.378645,True
9.855653285980225,43.794853,True
9.859559535980225,54.823273,True
9.863465785980225,64.27563,True
9.867372035980225,72.06241,True
9.871278285980225,78.15135,True
9.875184535980225,82.54113,True
9.879090785980225,85.28991,True
9.882997035980225,86.532616,True
9.886903285980225,86.43744,True
9.890809535980225,85.16126,True
9.894715785980225,82.86363,True
9.898622035980225,79.729805,True
9.902528285980225,75.93574,True
9.906434535980225,71.594894,True
9.910340785980225,66.764626,True
9.914247035980225,61.492226,True
9.918153285980225,55.821213,True
9.922059535980225,49.756657,True
9.925965785980225,43.26033,True
9.929872035980225,36.288174,True
9.933778285980225,28.806253,True
9.937684535980225,20.763931,True
9.941590785980225,12.087842,True
9.945497035980225,2.7335541,True
9.949403285980225,-7.2685823,True
9.953309535980225,-17.832916,True
9.957215785980225,-28.85323,True
9.961122035980225,-40.18235,True
9.965028285980225,-51.592323,True
9.968934535980225,-62.79133,True
9.972840785980225,-73.47537,True
9.976747035980225,-83.33426,True
9.980653285980225,-92.02004,True
9.984559535980225,-99.16124,True
9.988465785980225,-104.42939,True
9.992372035980225,-107.574554,True
9.996278285980225,-108.40222,True
